{
    "data": [
        {
            "description": "",
            "gaugeLength": 0,
            "guid": "00ae4356-cd10-4b76-b3e6-777c75e8f68b",
            "product-id": "",
            "product-link": "",
            "type": "holder",
            "unit": "inches",
            "vendor": ""
        },
        {
            "BMC": "carbide",
            "GRADE": "Mill Generic",
            "description": "1/64\" Ball End Mill",
            "geometry": {
                "CSP": false,
                "DC": 0.015,
                "HAND": true,
                "LB": 1,
                "LCF": 0.045,
                "NOF": 2,
                "NT": 1,
                "OAL": 1.5,
                "RE": 0.0075,
                "SFDM": 0.125,
                "TA": 0,
                "TP": 0,
                "assemblyGaugeLength": 1,
                "shoulder-length": 0.045,
                "thread-profile-angle": 60,
                "tip-diameter": 0,
                "tip-length": 0,
                "tip-offset": 0
            },
            "guid": "061c3d26-6125-4d8f-8388-7703f683792b",
            "post-process": {
                "break-control": false,
                "comment": "",
                "diameter-offset": 1,
                "length-offset": 1,
                "live": true,
                "manual-tool-change": false,
                "number": 1,
                "turret": 0
            },
            "product-id": "OMC-TL1012",
            "product-link": "",
            "start-values": {
                "presets": [
                    {
                        "description": "",
                        "f_n": 3.0303030303030302e-05,
                        "f_z": 0.0001696969696969697,
                        "guid": "eb10a2b4-43d9-2c23-b767-0dbe9c2bbd06",
                        "material": {
                            "category": "all",
                            "query": ""
                        },
                        "n": 16500,
                        "n_ramp": 16500,
                        "name": "Default Preset",
                        "tool-coolant": "disabled",
                        "use-stepdown": false,
                        "use-stepover": false,
                        "v_c": 64.79534848028949,
                        "v_f": 5.6,
                        "v_f_leadIn": 5.6,
                        "v_f_leadOut": 5.6,
                        "v_f_plunge": 0.5,
                        "v_f_ramp": 5.6,
                        "v_f_transition": 5.6
                    }
                ]
            },
            "type": "ball end mill",
            "unit": "inches",
            "vendor": "Other Machine Co."
        },
        {
            "BMC": "carbide",
            "GRADE": "Mill Generic",
            "description": "1/64\" Flat End Mill",
            "geometry": {
                "CSP": false,
                "DC": 0.0156,
                "HAND": true,
                "LB": 1,
                "LCF": 0.047,
                "NOF": 2,
                "NT": 1,
                "OAL": 1.5,
                "RE": 0,
                "SFDM": 0.125,
                "TA": 0,
                "TP": 0,
                "assemblyGaugeLength": 1,
                "shoulder-length": 0.047,
                "thread-profile-angle": 60,
                "tip-diameter": 0,
                "tip-length": 0,
                "tip-offset": 0
            },
            "guid": "411f7a1b-d332-4d1b-b7c1-47ab6f39f661",
            "post-process": {
                "break-control": false,
                "comment": "",
                "diameter-offset": 1,
                "length-offset": 1,
                "live": true,
                "manual-tool-change": false,
                "number": 1,
                "turret": 0
            },
            "product-id": "OMC-TL1005",
            "product-link": "",
            "start-values": {
                "presets": [
                    {
                        "description": "",
                        "f_n": 3.0303030303030302e-05,
                        "f_z": 0.0001696969696969697,
                        "guid": "b1c7db71-4a5c-c67a-a771-06a3e5e36849",
                        "material": {
                            "category": "all",
                            "query": ""
                        },
                        "n": 16500,
                        "n_ramp": 16500,
                        "name": "Default Preset",
                        "tool-coolant": "disabled",
                        "use-stepdown": false,
                        "use-stepover": false,
                        "v_c": 67.38716241950105,
                        "v_f": 5.6,
                        "v_f_leadIn": 5.6,
                        "v_f_leadOut": 5.6,
                        "v_f_plunge": 0.5,
                        "v_f_ramp": 5.6,
                        "v_f_transition": 5.6
                    }
                ]
            },
            "type": "flat end mill",
            "unit": "inches",
            "vendor": "Other Machine Co."
        },
        {
            "BMC": "carbide",
            "GRADE": "Mill Generic",
            "description": "1/32\" Ball End Mill",
            "geometry": {
                "CSP": false,
                "DC": 0.0312,
                "HAND": true,
                "LB": 1,
                "LCF": 0.094,
                "NOF": 2,
                "NT": 1,
                "OAL": 1.5,
                "RE": 0.0156,
                "SFDM": 0.125,
                "TA": 0,
                "TP": 0,
                "assemblyGaugeLength": 1,
                "shoulder-length": 0.094,
                "thread-profile-angle": 60,
                "tip-diameter": 0,
                "tip-length": 0,
                "tip-offset": 0
            },
            "guid": "92185f6a-42e0-45b7-9839-103282ce37e2",
            "post-process": {
                "break-control": false,
                "comment": "",
                "diameter-offset": 1,
                "length-offset": 1,
                "live": true,
                "manual-tool-change": false,
                "number": 1,
                "turret": 0
            },
            "product-id": "OMC-TL1011",
            "product-link": "",
            "start-values": {
                "presets": [
                    {
                        "description": "",
                        "f_n": 0.0001212121212121212,
                        "f_z": 0.00042424242424242425,
                        "guid": "8aab5c1a-4522-0bd5-60f3-ea857bfa6e98",
                        "material": {
                            "category": "all",
                            "query": ""
                        },
                        "n": 16500,
                        "n_ramp": 16500,
                        "name": "Default Preset",
                        "tool-coolant": "disabled",
                        "use-stepdown": false,
                        "use-stepover": false,
                        "v_c": 134.7743248390021,
                        "v_f": 14,
                        "v_f_leadIn": 14,
                        "v_f_leadOut": 14,
                        "v_f_plunge": 2,
                        "v_f_ramp": 14,
                        "v_f_transition": 14
                    }
                ]
            },
            "type": "ball end mill",
            "unit": "inches",
            "vendor": "Other Machine Co."
        },
        {
            "BMC": "carbide",
            "GRADE": "Mill Generic",
            "description": "1/8\" Flat End Mill",
            "geometry": {
                "CSP": false,
                "DC": 0.125,
                "HAND": true,
                "LB": 1,
                "LCF": 0.5,
                "NOF": 2,
                "NT": 1,
                "OAL": 1.5,
                "RE": 0,
                "SFDM": 0.125,
                "TA": 0,
                "TP": 0,
                "assemblyGaugeLength": 1,
                "shoulder-length": 0.5,
                "thread-profile-angle": 60,
                "tip-diameter": 0,
                "tip-length": 0,
                "tip-offset": 0
            },
            "guid": "a4ac973c-329a-4c3b-bd16-6bfc317cb011",
            "post-process": {
                "break-control": false,
                "comment": "",
                "diameter-offset": 1,
                "length-offset": 1,
                "live": true,
                "manual-tool-change": false,
                "number": 1,
                "turret": 0
            },
            "product-id": "OMC-TL1002",
            "product-link": "",
            "start-values": {
                "presets": [
                    {
                        "description": "",
                        "f_n": 0.0001212121212121212,
                        "f_z": 0.001212121212121212,
                        "guid": "30745b97-47b1-68ab-52ad-debd089e63af",
                        "material": {
                            "category": "all",
                            "query": ""
                        },
                        "n": 16500,
                        "n_ramp": 16500,
                        "name": "Default Preset",
                        "tool-coolant": "disabled",
                        "use-stepdown": false,
                        "use-stepover": false,
                        "v_c": 539.9612373357457,
                        "v_f": 40,
                        "v_f_leadIn": 40,
                        "v_f_leadOut": 40,
                        "v_f_plunge": 2,
                        "v_f_ramp": 40,
                        "v_f_transition": 40
                    }
                ]
            },
            "type": "flat end mill",
            "unit": "inches",
            "vendor": "Other Machine Co."
        },
        {
            "BMC": "carbide",
            "GRADE": "Mill Generic",
            "description": "1/16\" Flat End Mill",
            "geometry": {
                "CSP": false,
                "DC": 0.0625,
                "HAND": true,
                "LB": 1,
                "LCF": 0.2,
                "NOF": 2,
                "NT": 1,
                "OAL": 1.5,
                "RE": 0,
                "SFDM": 0.125,
                "TA": 0,
                "TP": 0,
                "assemblyGaugeLength": 1,
                "shoulder-length": 0.2,
                "thread-profile-angle": 60,
                "tip-diameter": 0,
                "tip-length": 0,
                "tip-offset": 0
            },
            "guid": "a4c3dfe5-982f-4093-b3a9-8396d5fc1cb6",
            "post-process": {
                "break-control": false,
                "comment": "",
                "diameter-offset": 1,
                "length-offset": 1,
                "live": true,
                "manual-tool-change": false,
                "number": 1,
                "turret": 0
            },
            "product-id": "OMC-TL1003",
            "product-link": "",
            "start-values": {
                "presets": [
                    {
                        "description": "",
                        "f_n": 0.0001212121212121212,
                        "f_z": 0.00042424242424242425,
                        "guid": "a5d4aa25-498f-052a-10fc-7aa8916272c7",
                        "material": {
                            "category": "all",
                            "query": ""
                        },
                        "n": 16500,
                        "n_ramp": 16500,
                        "name": "Default Preset",
                        "tool-coolant": "disabled",
                        "use-stepdown": false,
                        "use-stepover": false,
                        "v_c": 269.9806186678729,
                        "v_f": 14,
                        "v_f_leadIn": 14,
                        "v_f_leadOut": 14,
                        "v_f_plunge": 2,
                        "v_f_ramp": 14,
                        "v_f_transition": 14
                    }
                ]
            },
            "type": "flat end mill",
            "unit": "inches",
            "vendor": "Other Machine Co."
        },
        {
            "BMC": "carbide",
            "GRADE": "Mill Generic",
            "description": "1/8\" Ball End Mill",
            "geometry": {
                "CSP": false,
                "DC": 0.125,
                "HAND": true,
                "LB": 1,
                "LCF": 0.4,
                "NOF": 2,
                "NT": 1,
                "OAL": 1.5,
                "RE": 0.0625,
                "SFDM": 0.125,
                "TA": 0,
                "TP": 0,
                "assemblyGaugeLength": 1,
                "shoulder-length": 0.4,
                "thread-profile-angle": 60,
                "tip-diameter": 0,
                "tip-length": 0,
                "tip-offset": 0
            },
            "guid": "acff6de3-d1ea-4a16-bbd6-29d44eda150b",
            "post-process": {
                "break-control": false,
                "comment": "",
                "diameter-offset": 1,
                "length-offset": 1,
                "live": true,
                "manual-tool-change": false,
                "number": 1,
                "turret": 0
            },
            "product-id": "OMC-TL1000",
            "product-link": "",
            "start-values": {
                "presets": [
                    {
                        "description": "",
                        "f_n": 0.0001212121212121212,
                        "f_z": 0.001212121212121212,
                        "guid": "cb9f5b73-44c2-d8bd-3d99-73a5faf43878",
                        "material": {
                            "category": "all",
                            "query": ""
                        },
                        "n": 16500,
                        "n_ramp": 16500,
                        "name": "Default Preset",
                        "tool-coolant": "disabled",
                        "use-stepdown": false,
                        "use-stepover": false,
                        "v_c": 539.9612373357457,
                        "v_f": 40,
                        "v_f_leadIn": 40,
                        "v_f_leadOut": 40,
                        "v_f_plunge": 2,
                        "v_f_ramp": 40,
                        "v_f_transition": 40
                    }
                ]
            },
            "type": "ball end mill",
            "unit": "inches",
            "vendor": "Other Machine Co."
        },
        {
            "BMC": "carbide",
            "GRADE": "Mill Generic",
            "description": "80° Engraving Bit",
            "geometry": {
                "CSP": false,
                "DC": 0.125,
                "HAND": true,
                "LB": 1,
                "LCF": 0.08,
                "NOF": 1,
                "NT": 1,
                "OAL": 1.5,
                "RE": 0,
                "SFDM": 0.125,
                "TA": 40,
                "TP": 0,
                "assemblyGaugeLength": 1,
                "shoulder-length": 0.587,
                "thread-profile-angle": 60,
                "tip-diameter": 0.005,
                "tip-length": 0,
                "tip-offset": 0
            },
            "guid": "c586b1da-b4ac-4d72-886a-a9d2a747cffc",
            "post-process": {
                "break-control": false,
                "comment": "",
                "diameter-offset": 1,
                "length-offset": 1,
                "live": true,
                "manual-tool-change": false,
                "number": 1,
                "turret": 0
            },
            "product-id": "OMC-TL1007",
            "product-link": "",
            "start-values": {
                "presets": [
                    {
                        "description": "",
                        "f_n": 0.0001212121212121212,
                        "f_z": 0.0030303030303030303,
                        "guid": "a3e8697b-4b92-b1b0-d53b-49abe2695df4",
                        "material": {
                            "category": "all",
                            "query": ""
                        },
                        "n": 16500,
                        "n_ramp": 5000,
                        "name": "Default Preset",
                        "tool-coolant": "flood",
                        "use-stepdown": false,
                        "use-stepover": false,
                        "v_c": 539.9612373357457,
                        "v_f": 50,
                        "v_f_leadIn": 50,
                        "v_f_leadOut": 50,
                        "v_f_plunge": 2,
                        "v_f_ramp": 50,
                        "v_f_transition": 50
                    }
                ]
            },
            "type": "chamfer mill",
            "unit": "inches",
            "vendor": "Other Machine Co."
        },
        {
            "BMC": "carbide",
            "GRADE": "Mill Generic",
            "description": "1/100\" Flat End Mill",
            "geometry": {
                "CSP": false,
                "DC": 0.01,
                "HAND": true,
                "LB": 1,
                "LCF": 0.03,
                "NOF": 2,
                "NT": 1,
                "OAL": 1.5,
                "RE": 0,
                "SFDM": 0.125,
                "TA": 0,
                "TP": 0,
                "assemblyGaugeLength": 1,
                "shoulder-length": 0.03,
                "thread-profile-angle": 60,
                "tip-diameter": 0,
                "tip-length": 0,
                "tip-offset": 0
            },
            "guid": "e41b43db-4787-47d9-b9d6-2d4e5021cce3",
            "post-process": {
                "break-control": false,
                "comment": "",
                "diameter-offset": 1,
                "length-offset": 1,
                "live": true,
                "manual-tool-change": false,
                "number": 1,
                "turret": 0
            },
            "product-id": "OMC-TL1019",
            "product-link": "",
            "start-values": {
                "presets": [
                    {
                        "description": "",
                        "f_n": 3.0303030303030302e-05,
                        "f_z": 0.0001696969696969697,
                        "guid": "450152f3-4297-3037-1ea3-8d9bf9f5cacf",
                        "material": {
                            "category": "all",
                            "query": ""
                        },
                        "n": 16500,
                        "n_ramp": 16500,
                        "name": "Default Preset",
                        "tool-coolant": "disabled",
                        "use-stepdown": false,
                        "use-stepover": false,
                        "v_c": 43.19689898685965,
                        "v_f": 5.6,
                        "v_f_leadIn": 5.6,
                        "v_f_leadOut": 5.6,
                        "v_f_plunge": 0.5,
                        "v_f_ramp": 5.6,
                        "v_f_transition": 5.6
                    }
                ]
            },
            "type": "flat end mill",
            "unit": "inches",
            "vendor": "Other Machine Co."
        },
        {
            "BMC": "carbide",
            "GRADE": "Mill Generic",
            "description": "1/32\" Flat End Mill",
            "geometry": {
                "CSP": false,
                "DC": 0.0312,
                "HAND": true,
                "LB": 1,
                "LCF": 0.094,
                "NOF": 2,
                "NT": 1,
                "OAL": 1.5,
                "RE": 0,
                "SFDM": 0.125,
                "TA": 0,
                "TP": 0,
                "assemblyGaugeLength": 1,
                "shoulder-length": 0.094,
                "thread-profile-angle": 60,
                "tip-diameter": 0,
                "tip-length": 0,
                "tip-offset": 0
            },
            "guid": "eb68fc4b-13d1-4cd2-b75e-1e375b459278",
            "post-process": {
                "break-control": false,
                "comment": "",
                "diameter-offset": 1,
                "length-offset": 1,
                "live": true,
                "manual-tool-change": false,
                "number": 1,
                "turret": 0
            },
            "product-id": "OMC-TL1004",
            "product-link": "",
            "start-values": {
                "presets": [
                    {
                        "description": "",
                        "f_n": 0.0001212121212121212,
                        "f_z": 0.00042424242424242425,
                        "guid": "09d3fa0f-449a-4ace-7107-5b968eecf4c9",
                        "material": {
                            "category": "all",
                            "query": ""
                        },
                        "n": 16500,
                        "n_ramp": 16500,
                        "name": "Default Preset",
                        "tool-coolant": "disabled",
                        "use-stepdown": false,
                        "use-stepover": false,
                        "v_c": 134.7743248390021,
                        "v_f": 14,
                        "v_f_leadIn": 14,
                        "v_f_leadOut": 14,
                        "v_f_plunge": 2,
                        "v_f_ramp": 14,
                        "v_f_transition": 14
                    }
                ]
            },
            "type": "flat end mill",
            "unit": "inches",
            "vendor": "Other Machine Co."
        },
        {
            "BMC": "carbide",
            "GRADE": "Mill Generic",
            "description": "1/16\" Ball End Mill",
            "geometry": {
                "CSP": false,
                "DC": 0.0625,
                "HAND": true,
                "LB": 1,
                "LCF": 0.2,
                "NOF": 2,
                "NT": 1,
                "OAL": 1.5,
                "RE": 0.03125,
                "SFDM": 0.125,
                "TA": 0,
                "TP": 0,
                "assemblyGaugeLength": 1,
                "shoulder-length": 0.2,
                "thread-profile-angle": 60,
                "tip-diameter": 0,
                "tip-length": 0,
                "tip-offset": 0
            },
            "guid": "f92db91a-b412-4c6f-92e5-243cf3fc23d2",
            "post-process": {
                "break-control": false,
                "comment": "",
                "diameter-offset": 1,
                "length-offset": 1,
                "live": true,
                "manual-tool-change": false,
                "number": 1,
                "turret": 0
            },
            "product-id": "OMC-TL1001",
            "product-link": "",
            "start-values": {
                "presets": [
                    {
                        "description": "",
                        "f_n": 0.0001212121212121212,
                        "f_z": 0.00042424242424242425,
                        "guid": "91a30f1b-43c3-598a-2602-6a885a4bad8c",
                        "material": {
                            "category": "all",
                            "query": ""
                        },
                        "n": 16500,
                        "n_ramp": 16500,
                        "name": "Default Preset",
                        "tool-coolant": "disabled",
                        "use-stepdown": false,
                        "use-stepover": false,
                        "v_c": 269.9806186678729,
                        "v_f": 14,
                        "v_f_leadIn": 14,
                        "v_f_leadOut": 14,
                        "v_f_plunge": 2,
                        "v_f_ramp": 14,
                        "v_f_transition": 14
                    }
                ]
            },
            "type": "ball end mill",
            "unit": "inches",
            "vendor": "Other Machine Co."
        }
    ],
    "version": 25
}
